wind_speed,t2m_c,sshf,net_radiation,e,number,expver,valid_time,oni,oni_3m_mean,oni_lag1,oni_lag3
-1.3113859332411062,1.8734877008092976,-1.08502148218868,2.061958584624544,1.0220943296102871,0.0,0.0,2016-03-01,1.58,2.0666666666666664,2.14,2.64
-1.0598335547759044,2.66041951987717,-1.883897600212472,1.8201739956606977,0.6685006480915373,0.0,0.0,2016-04-01,0.94,1.5533333333333337,1.58,2.48
0.128658142060723,2.483094369106497,-2.1028890383529504,0.1276066884411044,-1.436902473784869,0.0,0.0,2016-05-01,0.39,0.97,0.94,2.14
1.2939878363876394,1.2928238005217283,-0.7313555992400711,-1.4056186958038932,-2.4122299581320776,0.0,0.0,2016-06-01,-0.07,0.4199999999999999,0.39,1.58
1.4623533257357229,0.2575742801683911,0.7286125366000926,-1.8198995987484772,-1.634590820708243,0.0,0.0,2016-07-01,-0.36,-0.0133333333333334,-0.07,0.94
1.5994982457603162,0.0008730888222987,0.721898794430074,-1.0022511082378935,-1.5419218245664374,0.0,0.0,2016-08-01,-0.54,-0.3233333333333335,-0.36,0.39
1.1831230307574327,-0.189276032567257,0.6385909453935295,-0.1285164469733807,-1.0016402238856312,0.0,0.0,2016-09-01,-0.63,-0.5100000000000001,-0.54,-0.07
-0.223112613607559,-0.1969341461128411,0.9687220046917616,0.534993753584272,0.0672656561627888,0.0,0.0,2016-10-01,-0.69,-0.6200000000000001,-0.63,-0.36
-0.3906790514814998,-0.5517486376085988,1.07897745977177,-0.0028962058449324,0.4764026282778907,0.0,0.0,2016-11-01,-0.67,-0.6633333333333334,-0.69,-0.54
-0.4016866310910596,-0.81563252681136,0.8815107789412463,-0.0754434385470838,0.0931020519570157,0.0,0.0,2016-12-01,-0.56,-0.6400000000000001,-0.67,-0.63
-0.1805884964388573,-1.0264242464253066,0.4544169039835624,-0.041692839596065,-0.1138647687567489,0.0,0.0,2017-01-01,-0.34,-0.5233333333333335,-0.56,-0.69
-0.9222341473273402,-0.3659934354469502,-0.2758143796222377,1.03526689714111,0.8862808200858282,0.0,0.0,2017-02-01,-0.16,-0.3533333333333335,-0.34,-0.67
-0.8307509126139668,0.8598610172141831,-0.9074773159866152,1.4575737425428374,0.6176885972808714,0.0,0.0,2017-03-01,0.05,-0.1500000000000001,-0.16,-0.56
-0.6444506985831424,1.7709375959958604,-1.2542666561916824,1.493844467183426,0.7064034768968479,0.0,0.0,2017-04-01,0.2,0.0299999999999998,0.05,-0.34
0.1783761433214101,2.0131643400917185,-1.5058878240965925,0.1610811290405983,-0.6860844819638752,0.0,0.0,2017-05-01,0.3,0.1833333333333332,0.2,-0.16
1.3212152105244304,1.3787907199390197,0.388517205162195,-1.1049444227688048,-1.293959035506994,0.0,0.0,2017-06-01,0.31,0.2699999999999998,0.3,0.05
1.5596030545648316,0.5478964279268338,1.458325270230972,-1.5879988762297816,-1.04321679070326,0.0,0.0,2017-07-01,0.14,0.2499999999999998,0.31,0.2
1.6008114983345705,0.1876955256876598,0.7581709814707779,-0.977016596671594,-1.361473095004936,0.0,0.0,2017-08-01,-0.11,0.1133333333333331,0.14,0.3
0.3943935048715938,0.2102949250852137,1.100911685190887,0.0429200551138082,-0.1170370378691685,0.0,0.0,2017-09-01,-0.38,-0.1166666666666668,-0.11,0.31
-0.2983622461268455,0.1928160467287787,1.2001098568733075,0.5978161639180667,0.0516468958857578,0.0,0.0,2017-10-01,-0.65,-0.3800000000000001,-0.38,0.14
-0.5271997573720077,-0.3226313586046136,1.2469437996400028,0.0343432418088584,0.2227210151320178,0.0,0.0,2017-11-01,-0.84,-0.6233333333333334,-0.65,-0.11
-0.2046838613639419,-1.0902242966980946,1.026804535233684,-0.3611386512586254,-0.2756441158828515,0.0,0.0,2017-12-01,-0.97,-0.8200000000000002,-0.84,-0.38
-0.243010537468691,-1.2846766652511892,0.8139606002314139,-0.414959166845856,0.1973036517581502,0.0,0.0,2018-01-01,-0.92,-0.91,-0.97,-0.65
-1.09372492137405,-0.3258440903992549,0.0924229768816961,1.1299704155959671,1.219770157526739,0.0,0.0,2018-02-01,-0.85,-0.9133333333333334,-0.92,-0.84
-1.0856876936817756,0.9204801934446776,-0.7086939786658588,1.4501218046173974,1.014281996875799,0.0,0.0,2018-03-01,-0.7,-0.8233333333333336,-0.85,-0.97
-0.9092883837280448,1.6406063058353884,-1.4487815488457223,1.195077277214627,0.7508757136362305,0.0,0.0,2018-04-01,-0.5,-0.6833333333333336,-0.7,-0.92
-0.1474668624378284,1.8691574970860856,-1.2334764199878523,0.0495550848266225,-0.3440345058653092,0.0,0.0,2018-05-01,-0.22,-0.4733333333333334,-0.5,-0.85
1.060444510889747,1.1968547721648235,0.4476236800520599,-1.2210841910650625,-1.3109801607669314,0.0,0.0,2018-06-01,-0.01,-0.2433333333333334,-0.22,-0.7
1.962251386529155,0.2587407640236518,1.1443723123701954,-1.745669390542792,-1.846137708293923,0.0,0.0,2018-07-01,0.09,-0.0466666666666668,-0.01,-0.5
1.915506695971508,-0.0587009080714952,1.554852306577461,-0.9528462345645734,-1.391902549093353,0.0,0.0,2018-08-01,0.23,0.1033333333333332,0.09,-0.22
0.6132291546833012,-0.0589496435994546,0.6764708566165221,0.3105247270176066,-0.0359294627233775,0.0,0.0,2018-09-01,0.49,0.2699999999999998,0.23,-0.01
-0.765275225364842,-0.0233204234909011,1.0462627667450612,0.489796318669786,0.698060621718093,0.0,0.0,2018-10-01,0.76,0.4933333333333332,0.49,0.09
-0.6101928908522748,-0.1337173377676835,1.015031915982743,0.34233354237649,0.8101735252707013,0.0,0.0,2018-11-01,0.9,0.7166666666666665,0.76,0.23
-0.7249767427049618,-0.7132613155303489,0.9261521213911488,-0.3011009581239766,0.4179986264960943,0.0,0.0,2018-12-01,0.81,0.8233333333333333,0.9,0.49
-0.5544764446047115,-0.7672430515886144,0.6448957676044671,0.1506362707609359,0.1378634068939871,0.0,0.0,2019-01-01,0.75,0.82,0.81,0.76
-1.2655970201424298,0.0887698528530754,-0.0083927856844392,1.2238685926801471,1.2721704687627151,0.0,0.0,2019-02-01,0.72,0.7599999999999999,0.75,0.9
-1.276200501346025,1.078974961980386,-1.061944363854435,1.778132862742959,1.229445224008102,0.0,0.0,2019-03-01,0.71,0.7266666666666666,0.72,0.81
-1.081478596795152,2.22393155374232,-1.7162902986461142,1.5903495212717909,0.7286171555371513,0.0,0.0,2019-04-01,0.66,0.6966666666666667,0.71,0.75
-0.3500044443900646,2.3421850798677832,-1.6487867126930125,0.7304300068597386,0.1106326771778986,0.0,0.0,2019-05-01,0.54,0.6366666666666666,0.66,0.72
1.077110902745603,1.798248266846659,-0.9580644423455816,-1.0967840157740076,-1.7759776503896287,0.0,0.0,2019-06-01,0.45,0.5499999999999999,0.54,0.71
1.4641832002347983,0.9075398194998952,0.9993734608203676,-1.3029195978520076,-1.234069759847394,0.0,0.0,2019-07-01,0.28,0.4233333333333333,0.45,0.66
1.6809278851196132,0.3560980552040994,1.2591099906478072,-0.8924904532763358,-1.500165976121382,0.0,0.0,2019-08-01,0.14,0.2899999999999998,0.28,0.54
0.4695729334743347,0.2857426597362928,1.6256475337561482,0.2377953165547634,0.2266101745464619,0.0,0.0,2019-09-01,0.19,0.2033333333333332,0.14,0.45
-0.6322016841990129,0.2341331009299034,1.1180934494233543,0.8051633726901913,0.5987872589059036,0.0,0.0,2019-10-01,0.35,0.2266666666666665,0.19,0.28
-0.6011771120167346,0.0132988375368199,1.306415342482613,0.6251645158504885,0.5319390688515891,0.0,0.0,2019-11-01,0.51,0.3499999999999999,0.35,0.14
-0.6747369192293391,-0.3815559474697407,1.2427477107837406,-0.1490837378133859,0.390501690727162,0.0,0.0,2019-12-01,0.55,0.4699999999999999,0.51,0.19
-0.8725688662491928,-0.4921783166093061,0.2811663973518588,0.1467064362088702,0.1792942335744339,0.0,0.0,2020-01-01,0.5,0.5199999999999999,0.55,0.35
-0.6215383996591013,0.1346633957090432,-0.1665466909849456,0.8537788094005138,0.4317730772251155,0.0,0.0,2020-02-01,0.48,0.5099999999999999,0.5,0.51
-1.37851091939809,1.2428230582089943,-0.7859085914220354,1.7233016943404618,1.1246642067734025,0.0,0.0,2020-03-01,0.4,0.4599999999999999,0.48,0.55
-1.4418493770703391,2.121823781567278,-1.4728749374268002,1.408417555971414,0.3907119155603752,0.0,0.0,2020-04-01,0.19,0.3566666666666665,0.4,0.5
0.1651364736704728,2.3669630594067863,-1.9635695697736943,0.2535609221308209,-1.534315937342319,0.0,0.0,2020-05-01,-0.08,0.1699999999999999,0.19,0.48
1.129835568294202,1.5043948097700737,-0.0853026269965824,-1.2904997013096071,-1.5462885959053267,0.0,0.0,2020-06-01,-0.3,-0.0633333333333334,-0.08,0.4
1.2583311506159776,0.7246052537193558,0.485942111338411,-1.7912355185443924,-1.6769808867681042,0.0,0.0,2020-07-01,-0.41,-0.2633333333333334,-0.3,0.19
1.310877123437023,0.2965951256040073,1.504664233476151,-0.999514104261786,-1.2130808180163166,0.0,0.0,2020-08-01,-0.57,-0.4266666666666667,-0.41,-0.08
0.4697828279425761,0.296093978653583,1.0328478898568445,-0.033552674574678,-0.327377376636812,0.0,0.0,2020-09-01,-0.89,-0.6233333333333334,-0.57,-0.3
-0.331631191794393,0.2930662668822016,1.483696944796741,0.5843957355471051,0.3168237918778741,0.0,0.0,2020-10-01,-1.17,-0.8766666666666668,-0.89,-0.41
-0.6107191960759296,-0.0950836865529294,1.1333364068256977,0.1089985314561576,0.2194684354091564,0.0,0.0,2020-11-01,-1.27,-1.11,-1.17,-0.57
-0.055397519164484,-0.7733352340763988,0.3489550213461437,-0.3469634864505121,-0.5099574080748115,0.0,0.0,2020-12-01,-1.19,-1.2100000000000002,-1.27,-0.89
-0.1451819625537358,-0.8881493482462691,0.4977964049511508,-0.1445466440590143,-0.0062357955512048,0.0,0.0,2021-01-01,-1.05,-1.1700000000000002,-1.19,-1.17
-0.5665727677118593,-0.2546542668795216,-0.1887308728401757,0.9905755115618788,0.313490901544573,0.0,0.0,2021-02-01,-0.93,-1.0566666666666669,-1.05,-1.27
-1.6739779546765707,1.2280496382059425,-0.3852262317303592,1.7567096255987509,1.5056631754821113,0.0,0.0,2021-03-01,-0.84,-0.94,-0.93,-1.19
-1.0153345826061422,1.756982675168561,-1.2774808120457266,1.50869340053505,0.257079311524745,0.0,0.0,2021-04-01,-0.66,-0.8100000000000002,-0.84,-1.05
-0.1683630626805909,1.900596197462494,-1.4384538532035485,-0.0379784374752936,-1.4111605610617506,0.0,0.0,2021-05-01,-0.48,-0.6600000000000001,-0.66,-0.93
0.9830663458305005,1.0161404466634203,0.0030482027685856,-1.1913501779807243,-1.7463841352728309,0.0,0.0,2021-06-01,-0.38,-0.5066666666666668,-0.48,-0.84
1.7696595387412069,0.2957741758319215,0.4914586937354613,-1.8567255318026024,-2.2632499964411728,0.0,0.0,2021-07-01,-0.4,-0.4200000000000001,-0.38,-0.66
1.1716665226547145,0.0619358229893564,0.8636038121540001,-1.0104606743109728,-0.9143969181021472,0.0,0.0,2021-08-01,-0.49,-0.4233333333333335,-0.4,-0.48
0.9727865378564442,0.14067593381595,1.0560702679620768,-0.1730820431464198,-0.7805049580363298,0.0,0.0,2021-09-01,-0.67,-0.5200000000000001,-0.49,-0.38
-0.3724170671622439,0.1245019980076785,1.1095477896886543,0.4470192454330622,-0.236625442007767,0.0,0.0,2021-10-01,-0.81,-0.6566666666666668,-0.67,-0.4
-0.2689599851399359,-0.1388795189464897,1.503131057704634,0.0626111576762006,0.0537741822317334,0.0,0.0,2021-11-01,-0.98,-0.8200000000000002,-0.81,-0.49
-0.7523055224989851,-0.7124746741069433,1.1307200864976854,0.0388022593800764,0.3294455491393874,0.0,0.0,2021-12-01,-0.98,-0.9233333333333336,-0.98,-0.67
-1.0892086487299748,-0.6720937477056309,0.4865439801253697,0.156026419109023,0.1430727310194751,0.0,0.0,2022-01-01,-0.97,-0.9766666666666668,-0.98,-0.81
-0.5566187848115278,-0.2437834215392962,0.1276821825760428,0.5532288799163737,0.0998512139338707,0.0,0.0,2022-02-01,-0.93,-0.96,-0.97,-0.98
-1.3603936466002953,1.207271031884986,0.0052413512354581,1.582296107565019,0.9253524044807322,0.0,0.0,2022-03-01,-0.99,-0.9633333333333336,-0.93,-0.98
-1.2228682984557755,2.1057294901398795,-1.0743161111419388,1.668703308632182,0.6502970671966953,0.0,0.0,2022-04-01,-1.06,-0.9933333333333336,-0.99,-0.97
0.383323701101009,1.8771905518708591,-1.1857709185952316,-0.003616241756238,-1.5449091430671644,0.0,0.0,2022-05-01,-0.99,-1.0133333333333334,-1.06,-0.93
0.8913693612613869,1.0129387425522876,-0.518631709105146,-1.3813717033689628,-1.670536432695569,0.0,0.0,2022-06-01,-0.85,-0.9666666666666668,-0.99,-0.99
1.7961962605546904,0.0208221682840025,0.6033306433990248,-2.070032555888787,-2.340986415609863,0.0,0.0,2022-07-01,-0.81,-0.8833333333333336,-0.85,-1.06
1.4953971347053825,-0.1911384857815461,1.1526345785139502,-1.2887299744914584,-1.4286085135954134,0.0,0.0,2022-08-01,-0.91,-0.8566666666666669,-0.81,-0.99
0.8117134691319989,-0.2279672727958764,0.8595875165237138,-0.1868856231569316,-0.5063970497478194,0.0,0.0,2022-09-01,-1.01,-0.91,-0.91,-0.85
-0.204055343541485,-0.3418587374457755,0.9573813277032304,0.2336847500972496,-0.3550965838305246,0.0,0.0,2022-10-01,-0.99,-0.9700000000000002,-1.01,-0.81
-0.58493660598922,-0.4710676544850114,1.0976249773160136,0.2740082069856085,0.3665320442103333,0.0,0.0,2022-11-01,-0.92,-0.9733333333333336,-0.99,-0.91
-0.4004704804856671,-0.8304280021814244,0.99688321501057,-0.3883901308897269,-0.0092845280481538,0.0,0.0,2022-12-01,-0.83,-0.9133333333333336,-0.92,-1.01
-0.1689237077510365,-1.2806013235467704,0.1995205393554431,-0.1800279317366051,-0.5018507605738248,0.0,0.0,2023-01-01,-0.68,-0.8100000000000002,-0.83,-0.99
-0.5841280505365929,-0.2786554073804589,0.4273865272781403,0.9226347736657912,0.791068339669819,0.0,0.0,2023-02-01,-0.43,-0.646666666666667,-0.68,-0.92
-1.4868887311111354,0.9195661210118774,-0.1960700542505613,1.7513165855401764,1.1671230092674942,0.0,0.0,2023-03-01,-0.15,-0.4200000000000002,-0.43,-0.83
-1.028714301449473,1.7676427692240089,-1.6449869363440106,1.7249210522132776,0.4431051405660181,0.0,0.0,2023-04-01,0.16,-0.1400000000000002,-0.15,-0.68
-0.2848952879338355,2.1793245739620093,-0.9510415435308932,0.5888576448288103,-0.249276961436681,0.0,0.0,2023-05-01,0.48,0.1633333333333331,0.16,-0.43
1.0293868541031206,1.5972442289930515,-0.5925409768837574,-0.9697150276914868,-1.964495942846708,0.0,0.0,2023-06-01,0.77,0.4699999999999997,0.48,-0.15
1.8901711515142945,0.7160796290713287,0.8801047739881028,-1.4979220945543985,-2.2712553108483964,0.0,0.0,2023-07-01,1.07,0.7733333333333331,0.77,0.16
1.4201758348012024,0.4469379854327143,0.9217718541082768,-0.525095744170746,-1.2068787130211698,0.0,0.0,2023-08-01,1.32,1.053333333333333,1.07,0.48
1.1007614635455516,0.5201630292083198,1.2593248654788527,0.2873476674629294,-0.6798084439655874,0.0,0.0,2023-09-01,1.56,1.3166666666666664,1.32,0.77
-0.4893973243069028,0.6061581304834572,1.730507547606607,1.229633217536323,0.8188222693921631,0.0,0.0,2023-10-01,1.78,1.5533333333333337,1.56,1.07
-0.5596846248145356,0.3027681777708291,1.692085515955288,0.7195065704944493,0.7020785143169225,0.0,0.0,2023-11-01,1.92,1.7533333333333332,1.78,1.32
-0.7241704287566946,-0.0060939565569268,1.5247407782768654,0.147150313768651,0.4125800223681045,0.0,0.0,2023-12-01,1.95,1.883333333333333,1.92,1.56
-0.8750381074518259,0.1030984896214045,1.1815226358377755,0.1859324889673477,0.1850128214531885,0.0,0.0,2024-01-01,1.78,1.883333333333333,1.95,1.78
-0.9030474976296252,0.8350597570099992,0.4004740028397459,1.2400766299607415,0.3771715466400206,0.0,0.0,2024-02-01,1.48,1.7366666666666664,1.78,1.92
-0.9034850392806364,1.5683835559606272,-0.8009651777974521,1.8718054864091391,0.2228627397386775,0.0,0.0,2024-03-01,1.14,1.4666666666666666,1.48,1.95
-0.740859414976496,2.659101099049161,-1.2196986677472053,1.7640936083277423,0.4418296191060721,0.0,0.0,2024-04-01,0.71,1.1099999999999997,1.14,1.78
0.037040775726466,2.7359726301706315,-1.023755295986774,0.2622678624076934,-1.081171348990002,0.0,0.0,2024-05-01,0.39,0.7466666666666665,0.71,1.48
1.0830917743382986,1.9818040587980148,0.0296389631104909,-1.0241731654411386,-2.189220620567368,0.0,0.0,2024-06-01,0.15,0.4166666666666665,0.39,1.14
1.612197712860569,1.1343449608621938,1.851906893796715,-1.6087107525941455,-1.7099545337537585,0.0,0.0,2024-07-01,0.04,0.1933333333333331,0.15,0.71
1.1308306169095552,0.5658617496556879,1.0848223840662596,-0.9879906379704088,-1.3955684922523073,0.0,0.0,2024-08-01,-0.11,0.0266666666666665,0.04,0.39
0.9788792156866016,0.608027935486749,1.150336185231872,0.4273570599755416,-0.7035862898480688,0.0,0.0,2024-09-01,-0.21,-0.0933333333333334,-0.11,0.15
-0.601038138746434,0.7203069077484913,1.258455499453245,0.8121425159509791,0.5861383377614449,0.0,0.0,2024-10-01,-0.26,-0.1933333333333335,-0.21,0.04
-0.2445248978140966,0.3168027429790059,0.7534333203362674,0.136805219500796,-0.1311180861639323,0.0,0.0,2024-11-01,-0.37,-0.2800000000000002,-0.26,-0.11
0.0344805294468296,-0.489089339929558,1.0757269298021246,-0.3054674409596052,-0.6250408593830236,0.0,0.0,2024-12-01,-0.53,-0.3866666666666669,-0.37,-0.21
